{
  "num_blocks": 64,
  "block_size": 512,
  "num_heads": 8,
  "head_dim": 128,
  "zeta": {
    "semantic": {
      "values": [
        4.1915602684021,
        4.877753734588623,
        4.01262092590332,
        4.23433780670166,
        3.7624752521514893,
        4.1154656410217285,
        4.8184380531311035,
        4.359588146209717,
        3.6205759048461914,
        4.6880316734313965,
        4.363101959228516,
        3.8752920627593994,
        4.437658786773682,
        4.537913799285889,
        3.955629348754883,
        4.533692836761475,
        4.200308322906494,
        4.153772354125977,
        4.24275541305542,
        4.346431255340576,
        4.244611740112305,
        4.094285488128662,
        4.398958206176758,
        3.562086820602417,
        4.037510871887207,
        4.58195686340332,
        4.267531871795654,
        4.338452339172363,
        3.722297430038452,
        4.009247303009033,
        3.6845195293426514,
        4.751681804656982
      ],
      "mean": 4.219391994178295,
      "std": 0.337899717282192,
      "min": 3.562086820602417,
      "max": 4.877753734588623,
      "median": 4.23854660987854
    },
    "noise": {
      "values": [
        4.062423229217529,
        4.10141134262085,
        4.12536096572876,
        4.052661418914795,
        4.052356719970703,
        4.065279483795166,
        4.060220718383789,
        4.088266372680664,
        4.098171710968018,
        4.046582221984863,
        4.053483963012695,
        4.071690082550049,
        4.0640387535095215,
        4.083641529083252,
        4.025187969207764,
        4.061208724975586,
        4.070796966552734,
        4.049168586730957,
        4.10168981552124,
        4.089422225952148,
        4.088992118835449,
        4.0726728439331055,
        4.028281211853027,
        4.048961639404297,
        4.015167236328125,
        4.0576558113098145,
        4.026465892791748,
        4.051488876342773,
        4.02521276473999,
        4.0641021728515625,
        4.083675384521484,
        4.0223236083984375
      ],
      "mean": 4.062751948833466,
      "std": 0.026029194761608167,
      "min": 4.015167236328125,
      "max": 4.12536096572876,
      "median": 4.061815977096558
    },
    "computation_ms": 223.9811000035843
  },
  "separability": {
    "optimal_zeta_max": 4.011661444477101,
    "classification_accuracy": 0.625,
    "semantic_below_threshold": 0.25,
    "noise_above_threshold": 1.0
  },
  "band_energy": {
    "dc_fraction": [
      0.001476945006288588,
      0.0018805516883730888,
      0.001995063154026866,
      0.001938838278874755,
      0.0019753132946789265,
      0.0018947880016639829,
      0.0020283893682062626,
      0.005225964356213808,
      0.0035473706666380167,
      0.001862560398876667,
      0.0032531528268009424,
      0.0018535825656726956,
      0.0018277530325576663,
      0.0018579664174467325,
      0.0021763022523373365,
      0.0006772939814254642,
      0.0019284191075712442,
      0.0038979612290859222,
      0.0027988848742097616,
      0.0005955047672614455,
      0.0019017168087884784,
      0.0007773226825520396,
      0.003903935430571437,
      0.0021101150196045637,
      0.0018967207288369536,
      0.001968344673514366,
      0.0024482018779963255,
      0.001956022111698985,
      0.00191308103967458,
      0.0018380063120275736,
      0.00023649079957976937,
      0.0026703684125095606,
      0.004963860381394625,
      0.0006185228703543544,
      0.001972159603610635,
      0.0018534960690885782,
      0.0019971299916505814,
      0.0019180657109245658,
      0.002800385467708111,
      0.0006428995402529836,
      0.0018494504038244486,
      0.00194967829156667,
      0.0008927171002142131,
      0.001877572387456894,
      0.0026449013967067003,
      0.002402654616162181,
      0.0019598708022385836,
      0.003215021686628461,
      0.001072528539225459,
      0.0015998081071302295,
      0.0019121819641441107,
      0.0019620927050709724,
      0.0009640873176977038,
      0.0018497450510039926,
      0.0032619463745504618,
      0.002484331140294671,
      0.001884017838165164,
      0.0019755035173147917,
      0.0018656504107639194,
      0.006806190591305494,
      0.0026771717239171267,
      0.0010021100752055645,
      0.00199713371694088,
      0.0028841921593993902
    ],
    "low_fraction": [
      0.11906564980745316,
      0.12288250774145126,
      0.12223964184522629,
      0.12182888388633728,
      0.12325591593980789,
      0.1238633319735527,
      0.12297304719686508,
      0.1037302166223526,
      0.12171437591314316,
      0.12350283563137054,
      0.11893277615308762,
      0.12250600755214691,
      0.12221863865852356,
      0.12367473542690277,
      0.12292096763849258,
      0.12981748580932617,
      0.12258079648017883,
      0.12199748307466507,
      0.10650946199893951,
      0.11393659561872482,
      0.12335319072008133,
      0.14136242866516113,
      0.10545016825199127,
      0.12228940427303314,
      0.1242804303765297,
      0.11508876085281372,
      0.1274309903383255,
      0.12302461266517639,
      0.12268763780593872,
      0.12354093790054321,
      0.11280741542577744,
      0.1102294921875,
      0.12763577699661255,
      0.11118284612894058,
      0.12208019942045212,
      0.12283898890018463,
      0.12240085750818253,
      0.12289512902498245,
      0.11926499009132385,
      0.12017916887998581,
      0.12425987422466278,
      0.12342318147420883,
      0.11769232898950577,
      0.12391824275255203,
      0.11539044231176376,
      0.11843781918287277,
      0.12300032377243042,
      0.12030242383480072,
      0.11444036662578583,
      0.14040277898311615,
      0.12405681610107422,
      0.12344742566347122,
      0.12265840917825699,
      0.12398208677768707,
      0.10984873026609421,
      0.11615295708179474,
      0.11423849314451218,
      0.12344016134738922,
      0.12260399758815765,
      0.13430817425251007,
      0.12428338825702667,
      0.13530699908733368,
      0.12367631494998932,
      0.10463099181652069
    ],
    "mid_fraction": [
      0.380386620759964,
      0.3761086165904999,
      0.374460905790329,
      0.3739393353462219,
      0.37531137466430664,
      0.3725645840167999,
      0.3752429485321045,
      0.3850734531879425,
      0.38634470105171204,
      0.37324321269989014,
      0.3742125928401947,
      0.37520018219947815,
      0.37522992491722107,
      0.37416914105415344,
      0.37665972113609314,
      0.38107016682624817,
      0.376558780670166,
      0.3720282018184662,
      0.3774823546409607,
      0.38875120878219604,
      0.37359535694122314,
      0.3460468351840973,
      0.39629241824150085,
      0.3764045834541321,
      0.37365660071372986,
      0.3807987868785858,
      0.37628859281539917,
      0.37562447786331177,
      0.37598174810409546,
      0.37452980875968933,
      0.3863554000854492,
      0.38688820600509644,
      0.36252066493034363,
      0.38412976264953613,
      0.37557339668273926,
      0.37306979298591614,
      0.37516745924949646,
      0.3747851550579071,
      0.3769848048686981,
      0.3799809217453003,
      0.37351593375205994,
      0.37502631545066833,
      0.3820751905441284,
      0.37675294280052185,
      0.3804283142089844,
      0.3764370381832123,
      0.37602710723876953,
      0.38393011689186096,
      0.38106873631477356,
      0.35787060856819153,
      0.37466859817504883,
      0.37452277541160583,
      0.3811430335044861,
      0.37536123394966125,
      0.3835672438144684,
      0.38567620515823364,
      0.38825929164886475,
      0.3729610741138458,
      0.3749534487724304,
      0.3589506149291992,
      0.374756783246994,
      0.36514970660209656,
      0.37694695591926575,
      0.395311564207077
    ],