{
  "percentiles": {
    "10": 0.677117974915393,
    "20": 0.8164604134760453,
    "30": 0.8781263166339279,
    "40": 0.9220380547652169,
    "50": 0.9684160586196633,
    "60": 1.019280899940452,
    "70": 1.0713248148578565,
    "80": 1.1377462311401003,
    "90": 1.2175506791021513,
    "95": 1.355181914414453,
    "99": 1.8211278237047825
  },
  "suggested_taus": {
    "p10": 0.677117974915393,
    "p20": 0.8164604134760453,
    "p30": 0.8781263166339279,
    "p40": 0.9220380547652169,
    "p50": 0.9684160586196633,
    "p60": 1.019280899940452,
    "p70": 1.0713248148578565,
    "p80": 1.1377462311401003
  }
}