{
  "percentiles": {
    "10": 0.6343968287703774,
    "20": 0.7802210399289038,
    "30": 0.83338178452086,
    "40": 0.8874086073801735,
    "50": 0.9304047729034579,
    "60": 0.9781823239998175,
    "70": 1.025460117879497,
    "80": 1.0851646097125496,
    "90": 1.1675845238295217,
    "95": 1.2512303687066328,
    "99": 1.7359056275820026
  },
  "suggested_taus": {
    "p10": 0.6343968287703774,
    "p20": 0.7802210399289038,
    "p30": 0.83338178452086,
    "p40": 0.8874086073801735,
    "p50": 0.9304047729034579,
    "p60": 0.9781823239998175,
    "p70": 1.025460117879497,
    "p80": 1.0851646097125496
  }
}