{
  "tau": [
    0.0,
    0.6343968287703774,
    0.7802210399289038,
    0.83338178452086,
    0.8874086073801735,
    0.9304047729034579,
    0.9781823239998175,
    1.025460117879497,
    1.0851646097125496
  ],
  "perplexity": [
    14.5851417355473,
    14.686610953836807,
    15.043575609424678,
    15.103207966084423,
    15.40209671790543,
    15.517840339303394,
    15.775279566923246,
    15.737231211975807,
    15.852320481401318
  ],
  "eviction_rate": [
    0.0,
    0.017329545454545455,
    0.0625,
    0.078125,
    0.08948863636363637,
    0.103125,
    0.11619318181818182,
    0.12840909090909092,
    0.14147727272727273
  ],
  "label": [
    "dense_baseline",
    "orthocache_tau_0.6343968287703774",
    "orthocache_tau_0.7802210399289038",
    "orthocache_tau_0.83338178452086",
    "orthocache_tau_0.8874086073801735",
    "orthocache_tau_0.9304047729034579",
    "orthocache_tau_0.9781823239998175",
    "orthocache_tau_1.025460117879497",
    "orthocache_tau_1.0851646097125496"
  ]
}