{
  "tau": [
    0.0,
    1.0,
    1.02,
    1.04,
    1.06,
    1.08,
    1.1,
    1.12
  ],
  "perplexity": [
    7.741322804346212,
    8.751179675783135,
    8.817568781227575,
    8.590441244447177,
    8.402162096502478,
    8.460272392398641,
    8.575573963730509,
    8.60223006567478
  ],
  "eviction_rate": [
    0.0,
    0.07240767045454545,
    0.07620738636363636,
    0.07926136363636363,
    0.08355823863636364,
    0.08760653409090909,
    0.091796875,
    0.09549005681818182
  ],
  "label": [
    "dense_baseline",
    "orthocache_tau_1.0",
    "orthocache_tau_1.02",
    "orthocache_tau_1.04",
    "orthocache_tau_1.06",
    "orthocache_tau_1.08",
    "orthocache_tau_1.1",
    "orthocache_tau_1.12"
  ]
}