{
  "factual_scores": [
    0.0408433779275087,
    0.03921710850115383,
    0.04336109384238737,
    0.03882167163495324,
    0.04340402344163529
  ],
  "factual_q_intensity": [
    17.367944717407227,
    17.471546173095703,
    17.454269409179688,
    17.369083404541016,
    17.47154998779297
  ],
  "factual_k_density": [
    458.1515197753906,
    458.1515197753906,
    458.1514892578125,
    469.9850158691406,
    452.5426330566406
  ],
  "hallucination_scores": [
    0.041666248845522766,
    0.043276213662221265,
    0.042986366140620895,
    0.04365486593759951,
    0.041425792210717946
  ],
  "hallucination_q_intensity": [
    17.372142791748047,
    17.42010498046875,
    17.45345115661621,
    17.572525024414062,
    17.48353385925293
  ],
  "hallucination_k_density": [
    458.1514892578125,
    452.5426025390625,
    458.1515197753906,
    459.3629150390625,
    461.4649353027344
  ],
  "auroc": 0.68,
  "separation_ratio": 1.035800187085865
}