{
  "prompt": "The quick brown fox jumps over the lazy dog near the riverbank. Meanwhile, birds chirped melodiously in the distant oak trees. The wind carried leaves across the meadow as clouds drifted. Sunlight fil",
  "generated_text": "BLUE-FALCON.\n\nEpilogue:\nThe fateful day",
  "prompt_tokens": 538,
  "generated_tokens": 20,
  "tau": 1.06,
  "alpha": 0.3,
  "prefill_time_ms": 4571.45,
  "prefill_eviction_rate": 0.0881,
  "decode_time_total_ms": 7268.91,
  "decode_time_per_token_ms": 363.45,
  "decode_times_ms": [
    241.06,
    340.51,
    243.71,
    232.27,
    234.66,
    270.0,
    331.96,
    326.03,
    270.28,
    301.92,
    312.65,
    374.94,
    315.79,
    351.33,
    408.04,
    350.3,
    517.23,
    601.18,
    752.26,
    492.78
  ],
  "h_scores_per_step": [
    0.024948,
    0.028329,
    0.025552,
    0.027093,
    0.026036,
    0.027749,
    0.025577,
    0.024568,
    0.02652,
    0.026828,
    0.026056,
    0.024237,
    0.026601,
    0.025016,
    0.02433,
    0.025153,
    0.023961,
    0.028973,
    0.025248,
    0.026509
  ],
  "norm_cache_populated": true,
  "auto_clutch": {
    "alpha_base": 0.3,
    "gamma": 150.0,
    "q_high_baseline": 0.0,
    "alpha_history": [
      0.0,
      0.0,
      0.0,
      0.0,
      0.0,
      0.0,
      0.0,
      0.0,
      0.0,
      0.0,
      0.0,
      0.0,
      0.0,
      0.0,
      0.0,
      0.0,
      0.0,
      0.0,
      0.0,
      0.0
    ],
    "q_high_history": [
      9.33581782946641,
      10.788511269069149,
      10.832708536373016,
      10.88965754542373,
      11.436973851510151,
      11.728174514320397,
      10.900154662128662,
      10.966540339552989,
      11.941843810345965,
      11.436159315901543,
      10.321146166827669,
      10.357435686453643,
      10.347102149306519,
      10.370082379182211,
      11.306143560799466,
      11.466049583228042,
      10.004182894395798,
      10.53998264738388,
      10.170509258411766,
      11.252893626751103
    ],
    "alpha_mean": 0.0,
    "alpha_min": 0.0,
    "alpha_max": 0.0
  }
}