{
  "tau": [
    0.0,
    0.677117974915393,
    0.8164604134760453,
    0.8781263166339279,
    0.9220380547652169,
    0.9684160586196633,
    1.019280899940452,
    1.0713248148578565,
    1.1377462311401003
  ],
  "perplexity": [
    7.741322804346212,
    7.741247824155008,
    7.818131774074288,
    7.907135421170824,
    8.054783384788273,
    8.33151314482736,
    8.81514240974651,
    8.438104964576915,
    8.67665577173404
  ],
  "eviction_rate": [
    0.0,
    0.0001065340909090909,
    0.016370738636363635,
    0.03671875,
    0.05177556818181818,
    0.06491477272727272,
    0.07606534090909091,
    0.08583096590909091,
    0.1
  ],
  "label": [
    "dense_baseline",
    "orthocache_tau_0.677117974915393",
    "orthocache_tau_0.8164604134760453",
    "orthocache_tau_0.8781263166339279",
    "orthocache_tau_0.9220380547652169",
    "orthocache_tau_0.9684160586196633",
    "orthocache_tau_1.019280899940452",
    "orthocache_tau_1.0713248148578565",
    "orthocache_tau_1.1377462311401003"
  ]
}