{
  "tau": [
    0.0,
    0.6343968287703774,
    0.7802210399289038,
    0.83338178452086,
    0.8874086073801735,
    0.9304047729034579,
    0.9781823239998175,
    1.025460117879497,
    1.0851646097125496
  ],
  "perplexity": [
    14.5851417355473,
    14.585140866205133,
    15.029196002579326,
    16.532379025955564,
    20.313958584164777,
    27.82898139346466,
    37.59847429704543,
    51.59393558139248,
    77.05062190132249
  ],
  "eviction_rate": [
    0.0,
    0.0,
    0.02556818181818182,
    0.09772727272727273,
    0.22357954545454545,
    0.34602272727272726,
    0.47357954545454545,
    0.5809659090909091,
    0.7014204545454545
  ],
  "label": [
    "dense_baseline",
    "orthocache_tau_0.6343968287703774",
    "orthocache_tau_0.7802210399289038",
    "orthocache_tau_0.83338178452086",
    "orthocache_tau_0.8874086073801735",
    "orthocache_tau_0.9304047729034579",
    "orthocache_tau_0.9781823239998175",
    "orthocache_tau_1.025460117879497",
    "orthocache_tau_1.0851646097125496"
  ]
}