{
  "tau": [
    0.0,
    0.6343968287703774,
    0.7802210399289038,
    0.83338178452086,
    0.8874086073801735,
    0.9304047729034579,
    0.9781823239998175,
    1.025460117879497,
    1.0851646097125496
  ],
  "perplexity": [
    14.5851417355473,
    14.585140866205133,
    14.702534524474776,
    14.807300830071384,
    14.874811478959689,
    14.938069604492078,
    14.95277627313554,
    14.892766362978627,
    15.006089168123284
  ],
  "eviction_rate": [
    0.0,
    0.0,
    0.011079545454545455,
    0.02130681818181818,
    0.030965909090909093,
    0.042045454545454546,
    0.048863636363636366,
    0.055965909090909094,
    0.06818181818181818
  ],
  "label": [
    "dense_baseline",
    "orthocache_tau_0.6343968287703774",
    "orthocache_tau_0.7802210399289038",
    "orthocache_tau_0.83338178452086",
    "orthocache_tau_0.8874086073801735",
    "orthocache_tau_0.9304047729034579",
    "orthocache_tau_0.9781823239998175",
    "orthocache_tau_1.025460117879497",
    "orthocache_tau_1.0851646097125496"
  ]
}